10474023	https://cdn21vek.by/imgproxy/large/plain/img/galleries/10474/23/10474023_55cb3144815cef43aec942b611fa2c08.jpg	https://cdn21vek.by/imgproxy/large/plain/img/galleries/10474/23/10474023_52631f017c5a89ad95a035363dde4f99.jpg	https://cdn21vek.by/imgproxy/large/plain/img/galleries/10474/23/10474023_69f95eedd6934cb29d123fe92f35d9f6.jpg	https://cdn21vek.by/imgproxy/large/plain/img/galleries/10474/23/10474023_afbe2a92f61788638ba2b3eeb902ed44.jpg	https://cdn21vek.by/imgproxy/large/plain/img/galleries/10474/23/10474023_763d30930b624afcce8d593142bb51da.jpg	https://cdn21vek.by/imgproxy/large/plain/img/galleries/10474/23/10474023_9683c5a44b8e60efb8cba8952168f3b6.jpg	https://cdn21vek.by/imgproxy/large/plain/img/galleries/10474/23/10474023_787c86bbf666a57d3ab7802e1d533009.jpg	https://cdn21vek.by/imgproxy/large/plain/img/galleries/10474/23/10474023_eaeed0dbc20bafc3f4b11f7a0c724e37.jpg
10473862	https://cdn21vek.by/imgproxy/large/plain/img/galleries/10473/862/10473862_05995e131bf832778119eefa88b294dc.jpg	https://cdn21vek.by/imgproxy/large/plain/img/galleries/10473/862/10473862_07220d094f503ba60c8fe92c0d019d9f.jpg	https://cdn21vek.by/imgproxy/large/plain/img/galleries/10473/862/10473862_07ba83409133d8a0ad4d67a5ed37d173.jpg	https://cdn21vek.by/imgproxy/large/plain/img/galleries/10473/862/10473862_7260621c45b3f0a7b2bfbaeea3d3d355.jpg	https://cdn21vek.by/imgproxy/large/plain/img/galleries/10473/862/10473862_c604846faa7443bfecc4efe711955537.jpg	https://cdn21vek.by/imgproxy/large/plain/img/galleries/10473/862/10473862_2e78da7d171069d1888aca26acfdd4ae.jpg	https://cdn21vek.by/imgproxy/large/plain/img/galleries/10473/862/10473862_445dc973ef75a694d526e77695b31f7f.jpg	https://cdn21vek.by/imgproxy/large/plain/img/galleries/10473/862/10473862_5258129eefcb29df251ab95367609545.jpg
10473940	https://cdn21vek.by/imgproxy/large/plain/img/galleries/10473/940/10473940_643a312000bd4baf4e9f5d3c6caba970.jpg	https://cdn21vek.by/imgproxy/large/plain/img/galleries/10473/940/10473940_2cfd8cb2cf8806aef437e61b0cce19e9.jpg	https://cdn21vek.by/imgproxy/large/plain/img/galleries/10473/940/10473940_1a681c9d48b67e61fe3364907de6d4f1.jpg	https://cdn21vek.by/imgproxy/large/plain/img/galleries/10473/940/10473940_30a4df56be65a47e3bbc75a471ef0114.jpg	https://cdn21vek.by/imgproxy/large/plain/img/galleries/10473/940/10473940_89fe3f3be0d79cef6a66e07e1fdeb077.jpg	https://cdn21vek.by/imgproxy/large/plain/img/galleries/10473/940/10473940_20a0f6627d30114861723f4d97ba3436.jpg	https://cdn21vek.by/imgproxy/large/plain/img/galleries/10473/940/10473940_5bebd1d3ddaa37139e7fd1068abe137c.jpg	https://cdn21vek.by/imgproxy/large/plain/img/galleries/10473/940/10473940_85b2348e80afdeca3856e5afa7596eb9.jpg
10474196	https://cdn21vek.by/imgproxy/large/plain/img/galleries/10474/196/10474196_449ac2f08ec5c78abc64fcdf405c7f24.jpg	https://cdn21vek.by/imgproxy/large/plain/img/galleries/10474/196/10474196_7c7f421d28f462fa61a6212a989050c6.jpg	https://cdn21vek.by/imgproxy/large/plain/img/galleries/10474/196/10474196_0c9c1f640b4345742935df37eb9cd284.jpg	https://cdn21vek.by/imgproxy/large/plain/img/galleries/10474/196/10474196_dd003e55717a510a6d7847ad889c496b.jpg	https://cdn21vek.by/imgproxy/large/plain/img/galleries/10474/196/10474196_bac52c4ca2d5fc647dbd81093a8a54f0.jpg	https://cdn21vek.by/imgproxy/large/plain/img/galleries/10474/196/10474196_479e463d1157840febd7ac5c6e20197c.jpg	https://cdn21vek.by/imgproxy/large/plain/img/galleries/10474/196/10474196_b7cbfc5d7dff5fc1e4c9e2d2b3367aa2.jpg	https://cdn21vek.by/imgproxy/large/plain/img/galleries/10474/196/10474196_b9f05f297c690dcc29188dddaa8db1ac.jpg
10473963	https://cdn21vek.by/imgproxy/large/plain/img/galleries/10473/963/10473963_dfe2b23b9f4c72fd0cbf0c18e8e54667.jpg	https://cdn21vek.by/imgproxy/large/plain/img/galleries/10473/963/10473963_41761a1fd221a92b099032572607768f.jpg	https://cdn21vek.by/imgproxy/large/plain/img/galleries/10473/963/10473963_da8edec82df27195da39a6ce7253b8f3.jpg	https://cdn21vek.by/imgproxy/large/plain/img/galleries/10473/963/10473963_3247aa0b4d8f61c3c8b94612827718d3.jpg	https://cdn21vek.by/imgproxy/large/plain/img/galleries/10473/963/10473963_db981940a55ff4bbccece6be681e2ccf.jpg	https://cdn21vek.by/imgproxy/large/plain/img/galleries/10473/963/10473963_e0194ff4b6060e862d9a0be66218931b.jpg	https://cdn21vek.by/imgproxy/large/plain/img/galleries/10473/963/10473963_47c4bc942c343c0109c81e66030e6b13.jpg	https://cdn21vek.by/imgproxy/large/plain/img/galleries/10473/963/10473963_124369fae19622524ab9503a502d3509.jpg
10474226	https://cdn21vek.by/imgproxy/large/plain/img/galleries/10474/226/10474226_05f9ff4fbe6cfc67d13423cd2066aff1.jpg	https://cdn21vek.by/imgproxy/large/plain/img/galleries/10474/226/10474226_50d2a4547df6210e060e387154e538b2.jpg	https://cdn21vek.by/imgproxy/large/plain/img/galleries/10474/226/10474226_22991aeb7a7d78f641359fa22d10222f.jpg	https://cdn21vek.by/imgproxy/large/plain/img/galleries/10474/226/10474226_d9fb16bf6633186ac5b27a1e53236dec.jpg	https://cdn21vek.by/imgproxy/large/plain/img/galleries/10474/226/10474226_69dd2788eb2017a0a47bbd8a6dd34133.jpg	https://cdn21vek.by/imgproxy/large/plain/img/galleries/10474/226/10474226_243b661d26ae121e935ab9de1b9f67bb.jpg	https://cdn21vek.by/imgproxy/large/plain/img/galleries/10474/226/10474226_c73af2baf4e2d61d1d98fbf5aeb23161.jpg	https://cdn21vek.by/imgproxy/large/plain/img/galleries/10474/226/10474226_3679e2b74b0d9f6f051a4092cccb24da.jpg
10474001	https://cdn21vek.by/imgproxy/large/plain/img/galleries/10474/1/10474001_1b29bc6023d68a22710ed9e3c4b66b8a.jpg	https://cdn21vek.by/imgproxy/large/plain/img/galleries/10474/1/10474001_03930ef617e1ba5a7a26cfafd008cf47.jpg	https://cdn21vek.by/imgproxy/large/plain/img/galleries/10474/1/10474001_ec7724d3784ebd37c4346f74091276aa.jpg	https://cdn21vek.by/imgproxy/large/plain/img/galleries/10474/1/10474001_f3a5aeacb3f8d0926bc8e12813429557.jpg	https://cdn21vek.by/imgproxy/large/plain/img/galleries/10474/1/10474001_db38246272613ac55e1de591fc21fd5f.jpg	https://cdn21vek.by/imgproxy/large/plain/img/galleries/10474/1/10474001_c507385d800a868718eb6d3c01c0bb38.jpg	https://cdn21vek.by/imgproxy/large/plain/img/galleries/10474/1/10474001_026cbab9733dceff44665f9e5ab07153.jpg	https://cdn21vek.by/imgproxy/large/plain/img/galleries/10474/1/10474001_435d19fb84b8c6f9cd848929d33d1016.jpg
10474216	https://cdn21vek.by/imgproxy/large/plain/img/galleries/10474/216/10474216_e141a45abef0ffee24b6c687bb1c01fc.jpg	https://cdn21vek.by/imgproxy/large/plain/img/galleries/10474/216/10474216_9553900f60c26422c313ddecb89cdbfb.jpg	https://cdn21vek.by/imgproxy/large/plain/img/galleries/10474/216/10474216_31ec347847a205ffc2858d58555aa440.jpg	https://cdn21vek.by/imgproxy/large/plain/img/galleries/10474/216/10474216_21d5f4cdb67cb60cf89ff908e5fa0928.jpg	https://cdn21vek.by/imgproxy/large/plain/img/galleries/10474/216/10474216_b4e55d42636334c6f6a43f5c7296af9d.jpg	https://cdn21vek.by/imgproxy/large/plain/img/galleries/10474/216/10474216_7f8094d2a3549da7474afd7851a824e4.jpg	https://cdn21vek.by/imgproxy/large/plain/img/galleries/10474/216/10474216_2d2635614bceda4b7286b47002d559b4.jpg	https://cdn21vek.by/imgproxy/large/plain/img/galleries/10474/216/10474216_8eccd51a85f1f6fbfd197ee09fcd272a.jpg
10473970	https://cdn21vek.by/imgproxy/large/plain/img/galleries/10473/970/10473970_e71fe6d271204ffee5467026aa7ddc78.jpg	https://cdn21vek.by/imgproxy/large/plain/img/galleries/10473/970/10473970_30a6bd7ee084bf31b587ea026476cb80.jpg	https://cdn21vek.by/imgproxy/large/plain/img/galleries/10473/970/10473970_ebf54f7460212278a970fbd8b657171f.jpg	https://cdn21vek.by/imgproxy/large/plain/img/galleries/10473/970/10473970_78003ded97560be5ee53a44c91e29a9d.jpg	https://cdn21vek.by/imgproxy/large/plain/img/galleries/10473/970/10473970_7298d5131627466d54c8ca3d53f4266b.jpg	https://cdn21vek.by/imgproxy/large/plain/img/galleries/10473/970/10473970_b517bedcce06995326ae29d3d40b6ce1.jpg	https://cdn21vek.by/imgproxy/large/plain/img/galleries/10473/970/10473970_a61be570fd3e6e9f4490bf763d78fd1e.jpg	https://cdn21vek.by/imgproxy/large/plain/img/galleries/10473/970/10473970_7deb26ed0f9cc1b5b1a8fc7168c3c67f.jpg
10474172	https://cdn21vek.by/imgproxy/large/plain/img/galleries/10474/172/10474172_ca617f9e80db19c523db3a2110591809.jpg	https://cdn21vek.by/imgproxy/large/plain/img/galleries/10474/172/10474172_0ee734328022561446ef804abd9db612.jpg	https://cdn21vek.by/imgproxy/large/plain/img/galleries/10474/172/10474172_e05228049af4ab7ba2cc1183484ac07c.jpg	https://cdn21vek.by/imgproxy/large/plain/img/galleries/10474/172/10474172_5d2497bd738f08600a58f3489090e4ab.jpg	https://cdn21vek.by/imgproxy/large/plain/img/galleries/10474/172/10474172_e42b9f84f828dc12d7f973d37f470e3a.jpg	https://cdn21vek.by/imgproxy/large/plain/img/galleries/10474/172/10474172_94d55a839b3989a4c09845d67948960b.jpg	https://cdn21vek.by/imgproxy/large/plain/img/galleries/10474/172/10474172_6346b8e4cd4c4c55c19f96c88319dbca.jpg	https://cdn21vek.by/imgproxy/large/plain/img/galleries/10474/172/10474172_e92b7623baae786fcf9f0f9c44dec021.jpg
10473853	https://cdn21vek.by/imgproxy/large/plain/img/galleries/10473/853/10473853_5b08bc5a84d66d39a48b463f9ed5707a.jpg	https://cdn21vek.by/imgproxy/large/plain/img/galleries/10473/853/10473853_8fba6e61e6f5f604983b4cc25a79d27c.jpg	https://cdn21vek.by/imgproxy/large/plain/img/galleries/10473/853/10473853_11c9e994251351c6be6d9082555a9b6a.jpg	https://cdn21vek.by/imgproxy/large/plain/img/galleries/10473/853/10473853_f6104ad029020766e33eab36d89abf3f.jpg	https://cdn21vek.by/imgproxy/large/plain/img/galleries/10473/853/10473853_4ba1c4c0a29700f9d8f928c784012a28.jpg	https://cdn21vek.by/imgproxy/large/plain/img/galleries/10473/853/10473853_899f514aa6236d5bb640ec95eb4fd25c.jpg	https://cdn21vek.by/imgproxy/large/plain/img/galleries/10473/853/10473853_95592ae92a40212741ff93e8d74a87b4.jpg	https://cdn21vek.by/imgproxy/large/plain/img/galleries/10473/853/10473853_1193a64872ba3cea21d994a33a763ac0.jpg
10473993	https://cdn21vek.by/imgproxy/large/plain/img/galleries/10473/993/10473993_bf09490e29a689fc4bfe09ea73f112b9.jpg	https://cdn21vek.by/imgproxy/large/plain/img/galleries/10473/993/10473993_55f55f000a22c21a28fe384fd4434de9.jpg	https://cdn21vek.by/imgproxy/large/plain/img/galleries/10473/993/10473993_0253d20479c5f1b7195153533e752831.jpg	https://cdn21vek.by/imgproxy/large/plain/img/galleries/10473/993/10473993_28a41b3990180d979d5f4759091581c2.jpg	https://cdn21vek.by/imgproxy/large/plain/img/galleries/10473/993/10473993_3c93c7c498770ba08903fc1dcdeb8aaa.jpg	https://cdn21vek.by/imgproxy/large/plain/img/galleries/10473/993/10473993_855872be8ac662da59c9ca2415a4cb62.jpg	https://cdn21vek.by/imgproxy/large/plain/img/galleries/10473/993/10473993_0b94ba161fb0d14c96c332ad9d5e3646.jpg	https://cdn21vek.by/imgproxy/large/plain/img/galleries/10473/993/10473993_77748aa42c44c1e43fddbc4165820ef5.jpg
10474234	https://cdn21vek.by/imgproxy/large/plain/img/galleries/10474/234/10474234_dfb541dce833cad0b099d8cfdd3a14f7.jpg	https://cdn21vek.by/imgproxy/large/plain/img/galleries/10474/234/10474234_e6b709164202cc0fb70ce93abd6cd74b.jpg	https://cdn21vek.by/imgproxy/large/plain/img/galleries/10474/234/10474234_e5220f0f04e4e8cbceb4b5a3fa16803f.jpg	https://cdn21vek.by/imgproxy/large/plain/img/galleries/10474/234/10474234_6255c06fdcaf49ee9c765e0cd6f86719.jpg	https://cdn21vek.by/imgproxy/large/plain/img/galleries/10474/234/10474234_62968e2ebe4c87421bad46dd9ebaed09.jpg	https://cdn21vek.by/imgproxy/large/plain/img/galleries/10474/234/10474234_af6373861b48c16ba2679417bc6351fb.jpg	https://cdn21vek.by/imgproxy/large/plain/img/galleries/10474/234/10474234_b497ea9a2cb73eff5da917d194749067.jpg	https://cdn21vek.by/imgproxy/large/plain/img/galleries/10474/234/10474234_381f9a341477bff2ccc18ee128d51de5.jpg
10474067	https://cdn21vek.by/imgproxy/large/plain/img/galleries/10474/67/10474067_b70733c8c97ca93e23dc4b567a7b3200.jpg	https://cdn21vek.by/imgproxy/large/plain/img/galleries/10474/67/10474067_8019baacfc730dd5a9a9c63a22385f4a.jpg	https://cdn21vek.by/imgproxy/large/plain/img/galleries/10474/67/10474067_5c0bf470ea6652bddee057b62c89bedf.jpg	https://cdn21vek.by/imgproxy/large/plain/img/galleries/10474/67/10474067_3cb9104730911feeb969ebd4346ac106.jpg	https://cdn21vek.by/imgproxy/large/plain/img/galleries/10474/67/10474067_a6eae55d58e45fde11f3314a9d0cc753.jpg	https://cdn21vek.by/imgproxy/large/plain/img/galleries/10474/67/10474067_31522eac09f8077550375c51f5930a3e.jpg	https://cdn21vek.by/imgproxy/large/plain/img/galleries/10474/67/10474067_d2db4595f0ab95042df9b80a88d3dc4c.jpg	https://cdn21vek.by/imgproxy/large/plain/img/galleries/10474/67/10474067_8c62b35c7d0f61fb8d6e495fdab95f63.jpg
10473857	https://cdn21vek.by/imgproxy/large/plain/img/galleries/10473/857/10473857_53b83b4526c1cfd648543b3b21a7a963.jpg	https://cdn21vek.by/imgproxy/large/plain/img/galleries/10473/857/10473857_718fadabdf793c52aafe4daad81019a4.jpg	https://cdn21vek.by/imgproxy/large/plain/img/galleries/10473/857/10473857_ab47617fdf9850da9581474dab747840.jpg	https://cdn21vek.by/imgproxy/large/plain/img/galleries/10473/857/10473857_78443e0b67515954dd5b339539293b0c.jpg	https://cdn21vek.by/imgproxy/large/plain/img/galleries/10473/857/10473857_4fb1f881773d05d20e3d537674d44c34.jpg	https://cdn21vek.by/imgproxy/large/plain/img/galleries/10473/857/10473857_ecacdd04e39a8f242bdf4e0d3750c31f.jpg	https://cdn21vek.by/imgproxy/large/plain/img/galleries/10473/857/10473857_12306b5a15fe0e24871481fdde5e0608.jpg	https://cdn21vek.by/imgproxy/large/plain/img/galleries/10473/857/10473857_396d40076f799ebc92b384ad6b872a45.jpg
10474105	https://cdn21vek.by/imgproxy/large/plain/img/galleries/10474/105/10474105_6bcdf71e3245d19f08f6b79549fec55b.jpg	https://cdn21vek.by/imgproxy/large/plain/img/galleries/10474/105/10474105_e7c67745468a0d58cf192b4b9dfc2223.jpg	https://cdn21vek.by/imgproxy/large/plain/img/galleries/10474/105/10474105_cfc72b9b0c2aa1f4fcab30959b7dd078.jpg	https://cdn21vek.by/imgproxy/large/plain/img/galleries/10474/105/10474105_f5581ea6b3f87d2a597eb760fe8e279b.jpg	https://cdn21vek.by/imgproxy/large/plain/img/galleries/10474/105/10474105_b147f59c60fc40ffc0dde6dff9d96a68.jpg	https://cdn21vek.by/imgproxy/large/plain/img/galleries/10474/105/10474105_d9df4044e76d46a7e5827765cdff0e94.jpg	https://cdn21vek.by/imgproxy/large/plain/img/galleries/10474/105/10474105_d9529df3eba3efdc12165fa520020aea.jpg	https://cdn21vek.by/imgproxy/large/plain/img/galleries/10474/105/10474105_c528bc6754df164a07248e3ffe85da0c.jpg
10473928	https://cdn21vek.by/imgproxy/large/plain/img/galleries/10473/928/10473928_ac54c7426f8c0156912b569e1975f900.jpg	https://cdn21vek.by/imgproxy/large/plain/img/galleries/10473/928/10473928_6dc4f80d7e0c1009752f5d3c80d59e9e.jpg	https://cdn21vek.by/imgproxy/large/plain/img/galleries/10473/928/10473928_ebd2de379b55b6405e24e7ef6aa574b7.jpg	https://cdn21vek.by/imgproxy/large/plain/img/galleries/10473/928/10473928_659a27d14d97d0e46852e134c3e4ff03.jpg	https://cdn21vek.by/imgproxy/large/plain/img/galleries/10473/928/10473928_59a480c71ed2ab45d886824e1fe0ca62.jpg	https://cdn21vek.by/imgproxy/large/plain/img/galleries/10473/928/10473928_cad10c3d09dc87aa2659b578b51384a9.jpg	https://cdn21vek.by/imgproxy/large/plain/img/galleries/10473/928/10473928_89fe3f3be0d79cef6a66e07e1fdeb077.jpg	https://cdn21vek.by/imgproxy/large/plain/img/galleries/10473/928/10473928_20a0f6627d30114861723f4d97ba3436.jpg
10473947	https://cdn21vek.by/imgproxy/large/plain/img/galleries/10473/947/10473947_643a312000bd4baf4e9f5d3c6caba970.jpg	https://cdn21vek.by/imgproxy/large/plain/img/galleries/10473/947/10473947_2cfd8cb2cf8806aef437e61b0cce19e9.jpg	https://cdn21vek.by/imgproxy/large/plain/img/galleries/10473/947/10473947_1a681c9d48b67e61fe3364907de6d4f1.jpg	https://cdn21vek.by/imgproxy/large/plain/img/galleries/10473/947/10473947_30a4df56be65a47e3bbc75a471ef0114.jpg	https://cdn21vek.by/imgproxy/large/plain/img/galleries/10473/947/10473947_89fe3f3be0d79cef6a66e07e1fdeb077.jpg	https://cdn21vek.by/imgproxy/large/plain/img/galleries/10473/947/10473947_20a0f6627d30114861723f4d97ba3436.jpg	https://cdn21vek.by/imgproxy/large/plain/img/galleries/10473/947/10473947_5bebd1d3ddaa37139e7fd1068abe137c.jpg	https://cdn21vek.by/imgproxy/large/plain/img/galleries/10473/947/10473947_85b2348e80afdeca3856e5afa7596eb9.jpg
10474006	https://cdn21vek.by/imgproxy/large/plain/img/galleries/10474/6/10474006_effe1336b5469d060f97be4a85b93e72.jpg	https://cdn21vek.by/imgproxy/large/plain/img/galleries/10474/6/10474006_94d0f44daf93a68e5c9e2f724a49a276.jpg	https://cdn21vek.by/imgproxy/large/plain/img/galleries/10474/6/10474006_5beeab8e1f31c77bb0566c42c77cd5b8.jpg	https://cdn21vek.by/imgproxy/large/plain/img/galleries/10474/6/10474006_62defd92fea91239b2e80270c44183d1.jpg	https://cdn21vek.by/imgproxy/large/plain/img/galleries/10474/6/10474006_8439489ae5bef296a9046ba8a0d630d9.jpg	https://cdn21vek.by/imgproxy/large/plain/img/galleries/10474/6/10474006_54177956d8e3482340e1a226dc71f6ea.jpg	https://cdn21vek.by/imgproxy/large/plain/img/galleries/10474/6/10474006_76168a5bfdbe5996d6a9c28a4725be9d.jpg	https://cdn21vek.by/imgproxy/large/plain/img/galleries/10474/6/10474006_dc70a7380a261aa642321adc1d972152.jpg
10474032	https://cdn21vek.by/imgproxy/large/plain/img/galleries/10474/32/10474032_280b6f7afa022b00b63f76f6b53375fa.jpg	https://cdn21vek.by/imgproxy/large/plain/img/galleries/10474/32/10474032_117320d0e760014869449434f4a57bcc.jpg	https://cdn21vek.by/imgproxy/large/plain/img/galleries/10474/32/10474032_3484083820346132b3bcc655a7899804.jpg	https://cdn21vek.by/imgproxy/large/plain/img/galleries/10474/32/10474032_50b92e3316c0d565b5f925ed124cc156.jpg	https://cdn21vek.by/imgproxy/large/plain/img/galleries/10474/32/10474032_4028bf37e44bdf94f247e958b919d939.jpg	https://cdn21vek.by/imgproxy/large/plain/img/galleries/10474/32/10474032_d563a52cc3b4f29a2b20870884f15b57.jpg	https://cdn21vek.by/imgproxy/large/plain/img/galleries/10474/32/10474032_b5d71e0d813d5f7a654503fe1c21edab.jpg	https://cdn21vek.by/imgproxy/large/plain/img/galleries/10474/32/10474032_d7f073df5f225ea50b449cd8b059392d.jpg
10474185	https://cdn21vek.by/imgproxy/large/plain/img/galleries/10474/185/10474185_b99eea3e34cdb1f7a449d64a2ee98d66.jpg	https://cdn21vek.by/imgproxy/large/plain/img/galleries/10474/185/10474185_a2c24d4432cdc893daa4224db183d37d.jpg	https://cdn21vek.by/imgproxy/large/plain/img/galleries/10474/185/10474185_7e4ea2571c5572a3d8f8dacca1b92d11.jpg	https://cdn21vek.by/imgproxy/large/plain/img/galleries/10474/185/10474185_0d3e387e0cc6c9a6dfb85458ba4271f7.jpg	https://cdn21vek.by/imgproxy/large/plain/img/galleries/10474/185/10474185_16cc9171608fab397c9238c44be419c8.jpg	https://cdn21vek.by/imgproxy/large/plain/img/galleries/10474/185/10474185_14bae786b5935e5d42e8e86eeedcbc52.jpg	https://cdn21vek.by/imgproxy/large/plain/img/galleries/10474/185/10474185_0bac8ffdf9727294adb7225bdf5825d4.jpg	https://cdn21vek.by/imgproxy/large/plain/img/galleries/10474/185/10474185_ac9d5e67504918235e2c8de37441f906.jpg
10474056	https://cdn21vek.by/imgproxy/large/plain/img/galleries/10474/56/10474056_bec5e7a53e7ac756527683f113067897.jpg	https://cdn21vek.by/imgproxy/large/plain/img/galleries/10474/56/10474056_fdbd9b3fef0f124c869efd3dd143f312.jpg	https://cdn21vek.by/imgproxy/large/plain/img/galleries/10474/56/10474056_4c64a91d16e130356b2219215d856775.jpg	https://cdn21vek.by/imgproxy/large/plain/img/galleries/10474/56/10474056_913e7fb1f7add1e14dc9af00ec8d051f.jpg	https://cdn21vek.by/imgproxy/large/plain/img/galleries/10474/56/10474056_265a41bc9d7751fbb339b7aa70a8ad83.jpg	https://cdn21vek.by/imgproxy/large/plain/img/galleries/10474/56/10474056_d17740d618fd720a61315af7f898b9ce.jpg	https://cdn21vek.by/imgproxy/large/plain/img/galleries/10474/56/10474056_bd0175f444f76120351ffb4e6183b068.jpg	https://cdn21vek.by/imgproxy/large/plain/img/galleries/10474/56/10474056_7235f2a21946dd10b86ba3e604d1ed92.jpg
10474028	https://cdn21vek.by/imgproxy/large/plain/img/galleries/10474/28/10474028_9c9e76e1c6897726ea431b24cf2a865d.jpg	https://cdn21vek.by/imgproxy/large/plain/img/galleries/10474/28/10474028_dc3d3fcf180a740678676f186c90458c.jpg	https://cdn21vek.by/imgproxy/large/plain/img/galleries/10474/28/10474028_7c5ac060b87aa65938b2af3eac6f91d6.jpg	https://cdn21vek.by/imgproxy/large/plain/img/galleries/10474/28/10474028_59f78367e171a29d3b2fc66bf3ab1190.jpg	https://cdn21vek.by/imgproxy/large/plain/img/galleries/10474/28/10474028_0e65e9fb5a99f2e319acec82db47f6cf.jpg	https://cdn21vek.by/imgproxy/large/plain/img/galleries/10474/28/10474028_05b148cbdbe55d1f4fb265add52ad26c.jpg	https://cdn21vek.by/imgproxy/large/plain/img/galleries/10474/28/10474028_2347544e609c7b5e6be1f021a186d51b.jpg	https://cdn21vek.by/imgproxy/large/plain/img/galleries/10474/28/10474028_e49b6242c480f32b37768e90d422485c.jpg
10474192	https://cdn21vek.by/imgproxy/large/plain/img/galleries/10474/192/10474192_bd9f1d699ac079b27486b1226f6c6a72.jpg	https://cdn21vek.by/imgproxy/large/plain/img/galleries/10474/192/10474192_c6ae192aebcc4e5506c26e539162a640.jpg	https://cdn21vek.by/imgproxy/large/plain/img/galleries/10474/192/10474192_e1f78b5363e7b34976efb7c8568e5ff9.jpg	https://cdn21vek.by/imgproxy/large/plain/img/galleries/10474/192/10474192_3ce1fa72d4c07adc28bf84d562caa69b.jpg	https://cdn21vek.by/imgproxy/large/plain/img/galleries/10474/192/10474192_887f3c5a9ec78cd39ac315f66f216f75.jpg	https://cdn21vek.by/imgproxy/large/plain/img/galleries/10474/192/10474192_1b65a6b08322ddbe859d5d20ec8d65c4.jpg	https://cdn21vek.by/imgproxy/large/plain/img/galleries/10474/192/10474192_b2be6de66948b79424df52f6a6dc2fe9.jpg	https://cdn21vek.by/imgproxy/large/plain/img/galleries/10474/192/10474192_6bb3ae36f167ba7784c3096679680f1e.jpg
10473908	https://cdn21vek.by/imgproxy/large/plain/img/galleries/10473/908/10473908_9cba8b7764dd5383e9edb6f979cf4e99.jpg	https://cdn21vek.by/imgproxy/large/plain/img/galleries/10473/908/10473908_dddc618884841d3cfc94e2ab42fd686e.jpg	https://cdn21vek.by/imgproxy/large/plain/img/galleries/10473/908/10473908_ababd28cb2f9fc8e6350aa37edf2b206.jpg	https://cdn21vek.by/imgproxy/large/plain/img/galleries/10473/908/10473908_d71789a49f51634ccbe7db9046d08681.jpg	https://cdn21vek.by/imgproxy/large/plain/img/galleries/10473/908/10473908_7f03dc913f4e80e10258779a58e3c431.jpg	https://cdn21vek.by/imgproxy/large/plain/img/galleries/10473/908/10473908_baf606ad5ca2817840983c761978746f.jpg	https://cdn21vek.by/imgproxy/large/plain/img/galleries/10473/908/10473908_48ab93dcffef08523fe2ab30a88de15c.jpg	https://cdn21vek.by/imgproxy/large/plain/img/galleries/10473/908/10473908_1f3973b8ad5453117bfed4ee390f9726.jpg
10473967	https://cdn21vek.by/imgproxy/large/plain/img/galleries/10473/967/10473967_a223eeeb1e61926d98350023901e2670.jpg	https://cdn21vek.by/imgproxy/large/plain/img/galleries/10473/967/10473967_90641ab92370cf52a274703911113456.jpg	https://cdn21vek.by/imgproxy/large/plain/img/galleries/10473/967/10473967_c6c25b55c632ee162ad47434b2b9991c.jpg	https://cdn21vek.by/imgproxy/large/plain/img/galleries/10473/967/10473967_37dbe5693d263315c985811ead7ae626.jpg	https://cdn21vek.by/imgproxy/large/plain/img/galleries/10473/967/10473967_4b01ee0e13bda5d8bd6a870152266c20.jpg	https://cdn21vek.by/imgproxy/large/plain/img/galleries/10473/967/10473967_067cdfe5d87dff7dad5a7d463a6facf6.jpg	https://cdn21vek.by/imgproxy/large/plain/img/galleries/10473/967/10473967_abcc72bee91206f4cb9f7bb7b1fbe39e.jpg	https://cdn21vek.by/imgproxy/large/plain/img/galleries/10473/967/10473967_baa15d2569e46bd57e9aed6916838c9a.jpg
10474059	https://cdn21vek.by/imgproxy/large/plain/img/galleries/10474/59/10474059_85a4b94b184334c022793d5ba593aeeb.jpg	https://cdn21vek.by/imgproxy/large/plain/img/galleries/10474/59/10474059_a27c006568d2175aff8025ce1dd0710c.jpg	https://cdn21vek.by/imgproxy/large/plain/img/galleries/10474/59/10474059_9a9ceeb7c8f1696637a9885bce03b178.jpg	https://cdn21vek.by/imgproxy/large/plain/img/galleries/10474/59/10474059_4b3f02a6afbaf9c0f4c4ea6144b6c293.jpg	https://cdn21vek.by/imgproxy/large/plain/img/galleries/10474/59/10474059_35aeb4a9777a7139f7ce694ab153d04c.jpg	https://cdn21vek.by/imgproxy/large/plain/img/galleries/10474/59/10474059_6572ec1eb60557af7d9141ce6c03a8ff.jpg	https://cdn21vek.by/imgproxy/large/plain/img/galleries/10474/59/10474059_3deca9a3fd16211b61a5bc0cdbf6a5ef.jpg	https://cdn21vek.by/imgproxy/large/plain/img/galleries/10474/59/10474059_ea79cb2b21fb1a5e137dc1e933b3c7da.jpg
10474210	https://cdn21vek.by/imgproxy/large/plain/img/galleries/10474/210/10474210_ca617f9e80db19c523db3a2110591809.jpg	https://cdn21vek.by/imgproxy/large/plain/img/galleries/10474/210/10474210_0ee734328022561446ef804abd9db612.jpg	https://cdn21vek.by/imgproxy/large/plain/img/galleries/10474/210/10474210_e05228049af4ab7ba2cc1183484ac07c.jpg	https://cdn21vek.by/imgproxy/large/plain/img/galleries/10474/210/10474210_5d2497bd738f08600a58f3489090e4ab.jpg	https://cdn21vek.by/imgproxy/large/plain/img/galleries/10474/210/10474210_e42b9f84f828dc12d7f973d37f470e3a.jpg	https://cdn21vek.by/imgproxy/large/plain/img/galleries/10474/210/10474210_94d55a839b3989a4c09845d67948960b.jpg	https://cdn21vek.by/imgproxy/large/plain/img/galleries/10474/210/10474210_6346b8e4cd4c4c55c19f96c88319dbca.jpg	https://cdn21vek.by/imgproxy/large/plain/img/galleries/10474/210/10474210_e92b7623baae786fcf9f0f9c44dec021.jpg
10473916	https://cdn21vek.by/imgproxy/large/plain/img/galleries/10473/916/10473916_d91b3445afabecd2969a5d1678a6269d.jpg	https://cdn21vek.by/imgproxy/large/plain/img/galleries/10473/916/10473916_22c298822721ce03038b40f4b0568ed7.jpg	https://cdn21vek.by/imgproxy/large/plain/img/galleries/10473/916/10473916_3e008e71b4a48b7f932ab360b78b2448.jpg	https://cdn21vek.by/imgproxy/large/plain/img/galleries/10473/916/10473916_251d3a14966bb18e25e19c2c124db4de.jpg	https://cdn21vek.by/imgproxy/large/plain/img/galleries/10473/916/10473916_f669b9006249c40350c4963b2dba37d7.jpg	https://cdn21vek.by/imgproxy/large/plain/img/galleries/10473/916/10473916_8943df574045c7eb1d68a731106529e7.jpg	https://cdn21vek.by/imgproxy/large/plain/img/galleries/10473/916/10473916_b99a2611c592bfae3c51da5e17beb280.jpg	https://cdn21vek.by/imgproxy/large/plain/img/galleries/10473/916/10473916_a5dcaa87a56d37987f024985de555fcb.jpg
10473902	https://cdn21vek.by/imgproxy/large/plain/img/galleries/10473/902/10473902_4ab15694350532cf549ede202e392907.jpg	https://cdn21vek.by/imgproxy/large/plain/img/galleries/10473/902/10473902_21114aa0ba2db21c54e271bf525db2df.jpg	https://cdn21vek.by/imgproxy/large/plain/img/galleries/10473/902/10473902_62d0ef48cf4c2da10153d8f5ca9c5126.jpg	https://cdn21vek.by/imgproxy/large/plain/img/galleries/10473/902/10473902_1049ad53fe74c724a55ee6daa9ebf4ef.jpg	https://cdn21vek.by/imgproxy/large/plain/img/galleries/10473/902/10473902_d1b0395fef9ee69987b4403ab95c4ebe.jpg	https://cdn21vek.by/imgproxy/large/plain/img/galleries/10473/902/10473902_34411537c61c9a4ea2fc7799eab54b0d.jpg	https://cdn21vek.by/imgproxy/large/plain/img/galleries/10473/902/10473902_c68221f600b35f0743b92a289ff788fe.jpg	https://cdn21vek.by/imgproxy/large/plain/img/galleries/10473/902/10473902_c7068eaf7556f0cdbd25138244cef17a.jpg
